Target,Accuracy,Precision,Recall,F1 Score
Age Group,0.7603489883051792,0.7576858153889768,0.7603489883051792,0.7587037712856005
Age at MH Onset,0.8145204027556969,0.8164913322697555,0.8145204027556969,0.8147134759527691
Gender,0.7804826418289585,0.7805671784318146,0.7804826418289585,0.7804661051034316
Subjective Income,0.8413347685683531,0.8393176500114282,0.8413347685683531,0.8399002242494767
