Target,CV Accuracy,Test Accuracy,Precision,Recall,F1 Score
age_var1,0.7233486163692353,0.7603489883051792,0.7576858153889768,0.7603489883051792,0.7587037712856005
age_mh,0.7703033407506172,0.8145204027556969,0.8164913322697555,0.8145204027556969,0.8147134759527691
Gender,0.7462418808575603,0.7804826418289585,0.7805671784318146,0.7804826418289585,0.7804661051034316
Subjective_Income,0.8141079705808689,0.8413347685683531,0.8393176500114282,0.8413347685683531,0.8399002242494767
