Model,Accuracy,Precision,Recall,F1 Score
Random Forest,0.8137041028201961,0.8157576535165755,0.8137041028201961,0.8134009681546068
Neural Network,0.7861592241175388,0.786547412312096,0.7861592241175388,0.7860869185876788
XGBoost ,0.8577548821194838,0.8597477790675474,0.8577548821194838,0.8575574433425731
